<?xml version="1.0" encoding="UTF-8" standalone="no"?><TaskList Version="2.0"><Task Active="false" ConnectorKind="web" CreationDate="1969-12-31 21:00:00.0 -0300" DueDate="" EndDate="" Estimated="0" Handle="https://trello.com-sQFuO58R" IssueURL="https://trello.com/c/sQFuO58R" Key="sQFuO58R" Kind="8" Label="Logs" MarkReadPending="false" ModificationDate="" Notes="" NotifiedIncoming="false" Owner="" Priority="P3" Reminded="false" RepositoryUrl="https://trello.com" Stale="false" TaskId="sQFuO58R" offlineSyncState="INCOMING_NEW"><Attribute Key="taskPrefix">https://trello.com/c/</Attribute></Task><Task Active="false" ConnectorKind="web" CreationDate="1969-12-31 21:00:00.0 -0300" DueDate="" EndDate="" Estimated="0" Handle="https://trello.com-tCF8Ikqv" IssueURL="https://trello.com/c/tCF8Ikqv" Key="tCF8Ikqv" Kind="15" Label="Panel" MarkReadPending="true" ModificationDate="" Notes="" NotifiedIncoming="false" Owner="" Priority="P3" Reminded="false" RepositoryUrl="https://trello.com" Stale="false" TaskId="tCF8Ikqv" offlineSyncState="INCOMING"><Attribute Key="taskPrefix">https://trello.com/c/</Attribute></Task><Task Active="false" ConnectorKind="web" CreationDate="1969-12-31 21:00:00.0 -0300" DueDate="" EndDate="" Estimated="0" Handle="https://trello.com-4jv1kbIw" IssueURL="https://trello.com/c/4jv1kbIw" Key="4jv1kbIw" Kind="12" Label="Pruebas de integración" MarkReadPending="false" ModificationDate="" Notes="" NotifiedIncoming="false" Owner="" Priority="P3" Reminded="false" RepositoryUrl="https://trello.com" Stale="false" TaskId="4jv1kbIw" offlineSyncState="INCOMING_NEW"><Attribute Key="taskPrefix">https://trello.com/c/</Attribute></Task><Task Active="false" ConnectorKind="web" CreationDate="1969-12-31 21:00:00.0 -0300" DueDate="" EndDate="" Estimated="0" Handle="https://trello.com-FfWDDQmI" IssueURL="https://trello.com/c/FfWDDQmI" Key="FfWDDQmI" Kind="11" Label="Coordinador" MarkReadPending="true" ModificationDate="" Notes="" NotifiedIncoming="false" Owner="" Priority="P3" Reminded="false" RepositoryUrl="https://trello.com" Stale="false" TaskId="FfWDDQmI" offlineSyncState="INCOMING"><Attribute Key="taskPrefix">https://trello.com/c/</Attribute></Task><TaskCategory Handle="Uncategorized" Name="Uncategorized"/><Query ConnectorKind="web" Handle="handle-1" LastRefreshTimeStamp="Feb 23, 19:13:12" Name="Trello" QueryString="https://trello.com/1/members/my/cards?key=16c682618e451ea0b2b0351a7040ee8f&amp;token=7fbf964d5a8f1fb8bef5fc3350c69925d499099cc48508b735b41ebb01bf0de3" RepositoryUrl="https://trello.com"><Attribute Key="param_applicationkey">7fbf964d5a8f1fb8bef5fc3350c69925d499099cc48508b735b41ebb01bf0de3</Attribute><Attribute Key="param_userKey">16c682618e451ea0b2b0351a7040ee8f</Attribute><Attribute Key="Regexp">\"id\".+?\"idShort\":({Type}[0-9]+).+?(?:\"idLabels\".+?)\"name\":\"({Description}.+?)\",.+?\"shortLink\":\"({Id}.+?)\".+?\"url\"</Attribute><Attribute Key="UrlTemplate">https://trello.com/1/members/my/cards?key=16c682618e451ea0b2b0351a7040ee8f&amp;token=7fbf964d5a8f1fb8bef5fc3350c69925d499099cc48508b735b41ebb01bf0de3</Attribute><Attribute Key="taskPrefix">https://trello.com/c/</Attribute><QueryHit Handle="https://trello.com-4jv1kbIw"/><QueryHit Handle="https://trello.com-sQFuO58R"/><QueryHit Handle="https://trello.com-FfWDDQmI"/><QueryHit Handle="https://trello.com-tCF8Ikqv"/></Query></TaskList>